{
  "best_metric": 0.7681159420289855,
  "best_model_checkpoint": "./CHESHIRE/Activiti/checkpoint-198",
  "epoch": 5.823529411764706,
  "eval_steps": 66,
  "global_step": 198,
  "is_hyper_param_search": false,
  "is_local_process_zero": true,
  "is_world_process_zero": true,
  "log_history": [
    {
      "epoch": 1.9411764705882353,
      "eval_acc": 0.7176470588235294,
      "eval_auc": 0.6919213660496484,
      "eval_confusion_matrix": [
        [
          95,
          6
        ],
        [
          42,
          27
        ]
      ],
      "eval_f1": 0.5294117647058824,
      "eval_loss": 0.6986470222473145,
      "eval_precision": 0.8181818181818182,
      "eval_recall": 0.391304347826087,
      "eval_runtime": 4.1668,
      "eval_samples_per_second": 40.798,
      "eval_steps_per_second": 2.16,
      "step": 66
    },
    {
      "epoch": 3.8823529411764706,
      "eval_acc": 0.7529411764705882,
      "eval_auc": 0.8214234466924953,
      "eval_confusion_matrix": [
        [
          75,
          26
        ],
        [
          16,
          53
        ]
      ],
      "eval_f1": 0.7162162162162162,
      "eval_loss": 1.2898787260055542,
      "eval_precision": 0.6708860759493671,
      "eval_recall": 0.7681159420289855,
      "eval_runtime": 4.1853,
      "eval_samples_per_second": 40.618,
      "eval_steps_per_second": 2.15,
      "step": 132
    },
    {
      "epoch": 5.823529411764706,
      "eval_acc": 0.8117647058823529,
      "eval_auc": 0.8292437939446119,
      "eval_confusion_matrix": [
        [
          85,
          16
        ],
        [
          16,
          53
        ]
      ],
      "eval_f1": 0.7681159420289855,
      "eval_loss": 1.2719513177871704,
      "eval_precision": 0.7681159420289855,
      "eval_recall": 0.7681159420289855,
      "eval_runtime": 4.1433,
      "eval_samples_per_second": 41.03,
      "eval_steps_per_second": 2.172,
      "step": 198
    }
  ],
  "logging_steps": 500,
  "max_steps": 340,
  "num_input_tokens_seen": 0,
  "num_train_epochs": 10,
  "save_steps": 66,
  "stateful_callbacks": {
    "EarlyStoppingCallback": {
      "args": {
        "early_stopping_patience": 10,
        "early_stopping_threshold": 0.0
      },
      "attributes": {
        "early_stopping_patience_counter": 0
      }
    },
    "TrainerControl": {
      "args": {
        "should_epoch_stop": false,
        "should_evaluate": false,
        "should_log": false,
        "should_save": true,
        "should_training_stop": false
      },
      "attributes": {}
    }
  },
  "total_flos": 0.0,
  "train_batch_size": 20,
  "trial_name": null,
  "trial_params": null
}
