eval_loss,eval_acc,eval_auc,eval_precision,eval_recall,eval_f1,eval_confusion_matrix
0.5842764377593994,0.8711340206185567,0.8984159427695453,0.7304347826086957,0.8155339805825242,0.7706422018348624,"[[254, 31], [19, 84]]"
0.9929170608520508,0.845360824742268,0.8845171180378131,0.6837606837606838,0.7766990291262136,0.7272727272727274,"[[248, 37], [23, 80]]"
0.7138711810112,0.8359375,0.8882457238214434,0.6638655462184874,0.7745098039215687,0.7149321266968326,"[[242, 40], [23, 79]]"
0.7269970774650574,0.8385416666666666,0.8892365456821026,0.6587301587301587,0.8137254901960784,0.7280701754385964,"[[239, 43], [19, 83]]"
0.974986732006073,0.8098958333333334,0.8640661938534279,0.6198347107438017,0.7352941176470589,0.6726457399103141,"[[236, 46], [27, 75]]"
