eval_loss,eval_acc,eval_auc,eval_precision,eval_recall,eval_f1,eval_confusion_matrix
0.7301535606384277,0.7894736842105263,0.7174515235457064,0.6666666666666666,0.3157894736842105,0.42857142857142855,"[[54, 3], [13, 6]]"
0.7975521087646484,0.7638888888888888,0.7417695473251028,0.5294117647058824,0.5,0.5142857142857143,"[[46, 8], [9, 9]]"
0.608626127243042,0.75,0.7109053497942388,0.0,0.0,0.0,"[[54, 0], [18, 0]]"
0.621209442615509,0.75,0.5339506172839507,0.0,0.0,0.0,"[[54, 0], [18, 0]]"
0.6122022271156311,0.75,0.565843621399177,0.0,0.0,0.0,"[[54, 0], [18, 0]]"
