eval_loss,eval_acc,eval_auc,eval_precision,eval_recall,eval_f1,eval_confusion_matrix
0.668360710144043,0.39690721649484534,0.47026060296371996,0.2920634920634921,0.8932038834951457,0.44019138755980863,"[[62, 223], [11, 92]]"
