eval_loss,eval_acc,eval_auc,eval_precision,eval_recall,eval_f1,eval_confusion_matrix
0.7086145281791687,0.7731958762886598,0.9026060296371998,0.5477707006369427,0.8349514563106796,0.6615384615384615,"[[214, 71], [17, 86]]"
