eval_loss,eval_acc,eval_auc,eval_precision,eval_recall,eval_f1,eval_confusion_matrix
0.7494804263114929,0.26288659793814434,0.5022994379151763,0.26109660574412535,0.970873786407767,0.41152263374485604,"[[2, 283], [3, 100]]"
