eval_loss,eval_acc,eval_auc,eval_precision,eval_recall,eval_f1,eval_confusion_matrix
0.7768628597259521,0.2654639175257732,0.5022994379151763,0.2654639175257732,1.0,0.4195519348268839,"[[0, 285], [0, 103]]"
